{
    "type": "chest",
    "pools": [
        {
            "rolls": 1,
            "entries": [
                {
                    "type":"item",
                    "name": "<spawn_egg>",
                    "functions": [
                        {
                            "function":"set_nbt",
                            "tag": "{EntityTag:{id:\"minecraft:area_effect_cloud\",Tags:[eg.<id>]}<tag>}"
                        }
                    ]
                }
            ]
        }
    ]
}